ID,Расположение,Набор тестов,Название,Шаги,Ожидаемый результат,Тестовые данные,Комментарии,Ссылка на тест,Секция,Конфигурация,Приоритет
367,,Тест план,"Test-case 2: Проверить присутствие категории ""Эмали для мебели""	",Сайт: https://leroymerlin.ru/,,,,https://team-lgk3.testit.software:443//projects/1/tests/367,Марьям Халимова,Windows+Chrome,Средний
,,,,Открыта главная страница сайта,,,,,,,
,,,,"Нажать кнопку ""Каталог""","Система загружает всплывающее окно ""Каталог"",
отображён список категорий товаров: ""Сантехника"", ""Сад"", ""Электротовары"" и прочее",,,,,,
,,,,"Выбрать категорию ""Краски""","Открыто окно ""Краски"",
отображён список категорий красок: ""Краски для внутренних работ"", ""Эмали"", ""Краски для наружных работ"" и прочие",,,,,,
,,,,"Выбрать категорию ""Эмали""","Открыто окно ""Эмали""
отображён список категорий эмалей: ""Эмали для наружных и внутренних работ"", ""Эмали для пола и лестниц"",
""Эмали для окон и дверей"" и прочие",,,,,,
,,,,"Выбрать категорию ""Эмали для мебели""","Открыта страница со списком товаров ""Эмали для мебели"",
отображены основные характеристики товаров: ""Наличие в магазинах"", ""Цена"", ""Объём"", ""Марка"" и прочие",,,,,,
367,,Тест-план,"Test-case 2: Проверить присутствие категории ""Эмали для мебели""	",Сайт: https://leroymerlin.ru/,,,,https://team-lgk3.testit.software:443//projects/1/tests/367,Марьям Халимова,Windows+Chrome,Средний
,,,,Открыта главная страница сайта,,,,,,,
,,,,"Нажать кнопку ""Каталог""","Система загружает всплывающее окно ""Каталог"",
отображён список категорий товаров: ""Сантехника"", ""Сад"", ""Электротовары"" и прочее",,,,,,
,,,,"Выбрать категорию ""Краски""","Открыто окно ""Краски"",
отображён список категорий красок: ""Краски для внутренних работ"", ""Эмали"", ""Краски для наружных работ"" и прочие",,,,,,
,,,,"Выбрать категорию ""Эмали""","Открыто окно ""Эмали""
отображён список категорий эмалей: ""Эмали для наружных и внутренних работ"", ""Эмали для пола и лестниц"",
""Эмали для окон и дверей"" и прочие",,,,,,
,,,,"Выбрать категорию ""Эмали для мебели""","Открыта страница со списком товаров ""Эмали для мебели"",
отображены основные характеристики товаров: ""Наличие в магазинах"", ""Цена"", ""Объём"", ""Марка"" и прочие",,,,,,
368,,Тест-план,"Test-case 3: Добавить товар ""Бочка для воды 227 л."" в корзину со страницы каталога",Сайт:  https://leroymerlin.ru/,,,,https://team-lgk3.testit.software:443//projects/1/tests/368,Марьям Халимова,Windows+Chrome,Высокий
,,,,"Открыта страница каталога ""Лейки, вёдра и баки""",,,,,,,
,,,,Нажать на товар ﻿%Бочка для воды 227 л﻿,"Система переходит на страницу товара,
отображается картинка товара, кнопка ""Добавить в корзину"",
характеристики, отзывы",,,,,,
,,,,"Нажать кнопку ""Добавить в корзину""","Система добавляет товар в корзину,
предлагает выбрать количество кнопками ""+"" и ""-"",
На значке ""Корзина"" в верхнем углу появилась цифра ""1""",,,,,,
368,,Тест план,"Test-case 3: Добавить товар ""Бочка для воды 227 л."" в корзину со страницы каталога",Сайт:  https://leroymerlin.ru/,,,,https://team-lgk3.testit.software:443//projects/1/tests/368,Марьям Халимова,Windows+Chrome,Высокий
,,,,"Открыта страница каталога ""Лейки, вёдра и баки""",,,,,,,
,,,,Нажать на товар ﻿%Бочка для воды 227 л﻿,"Система переходит на страницу товара,
отображается картинка товара, кнопка ""Добавить в корзину"",
характеристики, отзывы",,,,,,
,,,,"Нажать кнопку ""Добавить в корзину""","Система добавляет товар в корзину,
предлагает выбрать количество кнопками ""+"" и ""-"",
На значке ""Корзина"" в верхнем углу появилась цифра ""1""",,,,,,
370,,Тест-план,"Test-case 5: Найти товар ""Перфоратор"" через строку поиска",Сайт: https://leroymerlin.ru/,,,,https://team-lgk3.testit.software:443//projects/1/tests/370,Марьям Халимова,Windows+Chrome,Средний
,,,,Открыта главная страница сайта,,,,,,,
,,,,Нажать на строку поиска,"Система загружает всплывающее окно ""Поиск"",
отображён список предлагаемых кликабельных вариантов поиска: ""Обои"", ""Горшки и кашпо"", ""Качели"" и прочие",,,,,,
,,,,Ввести в поле поиска название ﻿Перфоратор﻿,"Система предлагает варианты поиска: ""Экран для радиаторов"", ""Перфораторы"", ""Уголки перфорированные"" и прочие",,,,,,
,,,,Нажать значок поиска или кнопку Enter,"Открыта страница со списком товаров ""Перфораторы"",
отображены основные характеристики товаров: ""Наличие в магазинах"", ""Цена"", ""Марка"" и прочие",,,,,,
,,,,Ознакомиться с результатом,,,,,,,
370,,Тест план,"Test-case 5: Найти товар ""Перфоратор"" через строку поиска",Сайт: https://leroymerlin.ru/,,,,https://team-lgk3.testit.software:443//projects/1/tests/370,Марьям Халимова,Windows+Chrome,Средний
,,,,Открыта главная страница сайта,,,,,,,
,,,,Нажать на строку поиска,"Система загружает всплывающее окно ""Поиск"",
отображён список предлагаемых кликабельных вариантов поиска: ""Обои"", ""Горшки и кашпо"", ""Качели"" и прочие",,,,,,
,,,,Ввести в поле поиска название ﻿Перфоратор﻿,"Система предлагает варианты поиска: ""Экран для радиаторов"", ""Перфораторы"", ""Уголки перфорированные"" и прочие",,,,,,
,,,,Нажать значок поиска или кнопку Enter,"Открыта страница со списком товаров ""Перфораторы"",
отображены основные характеристики товаров: ""Наличие в магазинах"", ""Цена"", ""Марка"" и прочие",,,,,,
,,,,Ознакомиться с результатом,,,,,,,
366,,Тест-план,Test-case 1: Регистрация пользователя с валидными данными	,Сайт:   https://leroymerlin.ru/,,,,https://team-lgk3.testit.software:443//projects/1/tests/366,Марьям Халимова,Windows+Chrome,Высокий
,,,,Открыта страница с формой регистрации,,,,,,,
,,,,"Тестовые данные:
email: ﻿%Email1﻿ 
Имя: Мария
Фамилия: Иванова
Пароль: ﻿%Pass12345﻿",,,,,,,
,,,,"Заполнить поле ""Email"" из тестовых данных",,,,,,,
,,,,"Заполнить поле ""Имя"" из тестовых данных",,,,,,,
,,,,"Заполнить поле ""Фамилия"" из тестовых данных",,,,,,,
,,,,"Заполнить поле ""Пароль"" из тестовых данных",,,,,,,
,,,,"Заполнить поле ""Повторить пароль"" из тестовых данных",,,,,,,
,,,,"Нажать кнопку ""Зарегистрироваться""","Система отображает сообщение: ""Учетная запись создана"".
Открылась главная страница сайта.",,,,,,
366,,Тест план,Test-case 1: Регистрация пользователя с валидными данными	,Сайт:   https://leroymerlin.ru/,,,,https://team-lgk3.testit.software:443//projects/1/tests/366,Марьям Халимова,Windows+Chrome,Высокий
,,,,Открыта страница с формой регистрации,,,,,,,
,,,,"Тестовые данные:
email: ﻿%Email1﻿ 
Имя: Мария
Фамилия: Иванова
Пароль: ﻿%Pass12345﻿",,,,,,,
,,,,"Заполнить поле ""Email"" из тестовых данных",,,,,,,
,,,,"Заполнить поле ""Имя"" из тестовых данных",,,,,,,
,,,,"Заполнить поле ""Фамилия"" из тестовых данных",,,,,,,
,,,,"Заполнить поле ""Пароль"" из тестовых данных",,,,,,,
,,,,"Заполнить поле ""Повторить пароль"" из тестовых данных",,,,,,,
,,,,"Нажать кнопку ""Зарегистрироваться""","Система отображает сообщение: ""Учетная запись создана"".
Открылась главная страница сайта.",,,,,,
371,,Тест-план,Чек-лист: Авторизоваться на сайте leroymerlin.ru,"Заполнить поля авторизации валидными данными и выполнить вход.
поля:
email: ﻿Email1﻿ 
пароль: ﻿Password﻿",,,,https://team-lgk3.testit.software:443//projects/1/tests/371,Марьям Халимова,Windows+Chrome,Средний
,,,,Не заполнять поля авторизации и выполнить вход,,,,,,,
,,,,"Заполнить поля авторизации не валидными данными и выполнить вход.
поля:
email: ﻿%mak38@krunsea.com﻿ 
пароль: ﻿%5566777﻿ ﻿",,,,,,,
,,,,"Ввести валидные данные только в поле ""email"".
поля:
email: ﻿%Email1﻿ 
пароль: ﻿%5566777﻿",,,,,,,
,,,,"Ввести в поле ""email"" данные только в верхнем регистре.
поля:
email: ﻿Email1﻿ 
пароль: ﻿Password﻿",,,,,,,
,,,,"Ввести в поле ""email"" данные только в нижнем регистре.
поля:
email: ﻿Email1﻿ 
пароль: ﻿Password﻿",,,,,,,
,,,,"Ввести в поле ""email"" данные в верхнем и нижнем регистре.
поля:
email: ﻿Email1﻿ 
пароль: ﻿Password﻿",,,,,,,
,,,,"Ввести валидные данные только в поле ""пароль"".
поля:
email: ﻿%mak38@krunsea.com﻿ 
пароль: ﻿%Password﻿",,,,,,,
,,,,"Ввести в поле ""пароль"" данные в обратном регистре.
поля:
email: ﻿Email1﻿ 
пароль: ﻿Password﻿",,,,,,,
,,,,"Ввести в поле ""пароль"" данные только в верхнем регистре.
поля:
email: ﻿Email1﻿ 
пароль: ﻿Password﻿",,,,,,,
,,,,"Ввести в поле ""пароль"" данные только в нижнем регистре.
поля:
email: ﻿Email1﻿ 
пароль: ﻿Password﻿",,,,,,,
,,,,"Ввести в поле ""пароль"" данные в случайном регистре.
поля:
email: ﻿Email1﻿ 
пароль: ﻿Password﻿",,,,,,,
369,,Тест-план,"Test-case 4: Переход на страницу ознакомления с услугой ""Установка кухонь""  с главной страницы сайта",https://leroymerlin.ru/,,,,https://team-lgk3.testit.software:443//projects/1/tests/369,Марьям Халимова,Windows+Chrome,Средний
,,,,Открыта главная страница сайта,,,,,,,
,,,,"Нажать кнопку ""Услуги""","Система переходит на страницу ""Услуги по проектированию, ремонту и обустройству дома"",
отображены гарантии качества, низких цен и список категорий услуг:
""Проектирование онлайн или с дизайнером"", ""Товары на заказ и услуги под ключ"",
""Установка товаров Леруа Мерлен и ремонтные работы"", ""Услуги в магазинах Леруа Мерлен""",,,,,,
,,,,"Нажать кнопку ""Узнать больше"" на баннере
""Установка товаров Леруа Мерлен и ремонтные работы""","Система переходит на страницу ""Установка товаров Леруа Мерлен и ремонтные работы"",
отображены гарантии качества, низких цен и список видов установок:
""Установка дверей"", ""Установка гардеробных систем"", ""Установка кухонь""",,,,,,
,,,,"Нажать на карточку услуги ""Установка кухонь""","Система загружает всплывающее окно с информацией:
""Установка кухонь
Установим модульную кухню по фиксированной цене.
Гарантия на установку — 1 год.
Для заказа услуги звоните по телефону: 8 800 700-00-99 Круглосуточно без выходных.
Звонок бесплатный.""",,,,,,
369,,Тест план,"Test-case 4: Переход на страницу ознакомления с услугой ""Установка кухонь""  с главной страницы сайта",https://leroymerlin.ru/,,,,https://team-lgk3.testit.software:443//projects/1/tests/369,Марьям Халимова,Windows+Chrome,Средний
,,,,Открыта главная страница сайта,,,,,,,
,,,,"Нажать кнопку ""Услуги""","Система переходит на страницу ""Услуги по проектированию, ремонту и обустройству дома"",
отображены гарантии качества, низких цен и список категорий услуг:
""Проектирование онлайн или с дизайнером"", ""Товары на заказ и услуги под ключ"",
""Установка товаров Леруа Мерлен и ремонтные работы"", ""Услуги в магазинах Леруа Мерлен""",,,,,,
,,,,"Нажать кнопку ""Узнать больше"" на баннере
""Установка товаров Леруа Мерлен и ремонтные работы""","Система переходит на страницу ""Установка товаров Леруа Мерлен и ремонтные работы"",
отображены гарантии качества, низких цен и список видов установок:
""Установка дверей"", ""Установка гардеробных систем"", ""Установка кухонь""",,,,,,
,,,,"Нажать на карточку услуги ""Установка кухонь""","Система загружает всплывающее окно с информацией:
""Установка кухонь
Установим модульную кухню по фиксированной цене.
Гарантия на установку — 1 год.
Для заказа услуги звоните по телефону: 8 800 700-00-99 Круглосуточно без выходных.
Звонок бесплатный.""",,,,,,
367,,Тест-план,"Test-case 2: Проверить присутствие категории ""Эмали для мебели""	",Сайт: https://leroymerlin.ru/,,,,https://team-lgk3.testit.software:443//projects/1/tests/367,Марьям Халимова,Win+Firefox,Средний
,,,,Открыта главная страница сайта,,,,,,,
,,,,"Нажать кнопку ""Каталог""","Система загружает всплывающее окно ""Каталог"",
отображён список категорий товаров: ""Сантехника"", ""Сад"", ""Электротовары"" и прочее",,,,,,
,,,,"Выбрать категорию ""Краски""","Открыто окно ""Краски"",
отображён список категорий красок: ""Краски для внутренних работ"", ""Эмали"", ""Краски для наружных работ"" и прочие",,,,,,
,,,,"Выбрать категорию ""Эмали""","Открыто окно ""Эмали""
отображён список категорий эмалей: ""Эмали для наружных и внутренних работ"", ""Эмали для пола и лестниц"",
""Эмали для окон и дверей"" и прочие",,,,,,
,,,,"Выбрать категорию ""Эмали для мебели""","Открыта страница со списком товаров ""Эмали для мебели"",
отображены основные характеристики товаров: ""Наличие в магазинах"", ""Цена"", ""Объём"", ""Марка"" и прочие",,,,,,
368,,Тест-план,"Test-case 3: Добавить товар ""Бочка для воды 227 л."" в корзину со страницы каталога",Сайт:  https://leroymerlin.ru/,,,,https://team-lgk3.testit.software:443//projects/1/tests/368,Марьям Халимова,Win+Firefox,Высокий
,,,,"Открыта страница каталога ""Лейки, вёдра и баки""",,,,,,,
,,,,Нажать на товар ﻿%Бочка для воды 227 л﻿,"Система переходит на страницу товара,
отображается картинка товара, кнопка ""Добавить в корзину"",
характеристики, отзывы",,,,,,
,,,,"Нажать кнопку ""Добавить в корзину""","Система добавляет товар в корзину,
предлагает выбрать количество кнопками ""+"" и ""-"",
На значке ""Корзина"" в верхнем углу появилась цифра ""1""",,,,,,
370,,Тест-план,"Test-case 5: Найти товар ""Перфоратор"" через строку поиска",Сайт: https://leroymerlin.ru/,,,,https://team-lgk3.testit.software:443//projects/1/tests/370,Марьям Халимова,Win+Firefox,Средний
,,,,Открыта главная страница сайта,,,,,,,
,,,,Нажать на строку поиска,"Система загружает всплывающее окно ""Поиск"",
отображён список предлагаемых кликабельных вариантов поиска: ""Обои"", ""Горшки и кашпо"", ""Качели"" и прочие",,,,,,
,,,,Ввести в поле поиска название ﻿Перфоратор﻿,"Система предлагает варианты поиска: ""Экран для радиаторов"", ""Перфораторы"", ""Уголки перфорированные"" и прочие",,,,,,
,,,,Нажать значок поиска или кнопку Enter,"Открыта страница со списком товаров ""Перфораторы"",
отображены основные характеристики товаров: ""Наличие в магазинах"", ""Цена"", ""Марка"" и прочие",,,,,,
,,,,Ознакомиться с результатом,,,,,,,
366,,Тест-план,Test-case 1: Регистрация пользователя с валидными данными	,Сайт:   https://leroymerlin.ru/,,,,https://team-lgk3.testit.software:443//projects/1/tests/366,Марьям Халимова,Win+Firefox,Высокий
,,,,Открыта страница с формой регистрации,,,,,,,
,,,,"Тестовые данные:
email: ﻿%Email1﻿ 
Имя: Мария
Фамилия: Иванова
Пароль: ﻿%Pass12345﻿",,,,,,,
,,,,"Заполнить поле ""Email"" из тестовых данных",,,,,,,
,,,,"Заполнить поле ""Имя"" из тестовых данных",,,,,,,
,,,,"Заполнить поле ""Фамилия"" из тестовых данных",,,,,,,
,,,,"Заполнить поле ""Пароль"" из тестовых данных",,,,,,,
,,,,"Заполнить поле ""Повторить пароль"" из тестовых данных",,,,,,,
,,,,"Нажать кнопку ""Зарегистрироваться""","Система отображает сообщение: ""Учетная запись создана"".
Открылась главная страница сайта.",,,,,,
371,,Тест-план,Чек-лист: Авторизоваться на сайте leroymerlin.ru,"Заполнить поля авторизации валидными данными и выполнить вход.
поля:
email: ﻿Email1﻿ 
пароль: ﻿Password﻿",,,,https://team-lgk3.testit.software:443//projects/1/tests/371,Марьям Халимова,Win+Firefox,Средний
,,,,Не заполнять поля авторизации и выполнить вход,,,,,,,
,,,,"Заполнить поля авторизации не валидными данными и выполнить вход.
поля:
email: ﻿%mak38@krunsea.com﻿ 
пароль: ﻿%5566777﻿ ﻿",,,,,,,
,,,,"Ввести валидные данные только в поле ""email"".
поля:
email: ﻿%Email1﻿ 
пароль: ﻿%5566777﻿",,,,,,,
,,,,"Ввести в поле ""email"" данные только в верхнем регистре.
поля:
email: ﻿Email1﻿ 
пароль: ﻿Password﻿",,,,,,,
,,,,"Ввести в поле ""email"" данные только в нижнем регистре.
поля:
email: ﻿Email1﻿ 
пароль: ﻿Password﻿",,,,,,,
,,,,"Ввести в поле ""email"" данные в верхнем и нижнем регистре.
поля:
email: ﻿Email1﻿ 
пароль: ﻿Password﻿",,,,,,,
,,,,"Ввести валидные данные только в поле ""пароль"".
поля:
email: ﻿%mak38@krunsea.com﻿ 
пароль: ﻿%Password﻿",,,,,,,
,,,,"Ввести в поле ""пароль"" данные в обратном регистре.
поля:
email: ﻿Email1﻿ 
пароль: ﻿Password﻿",,,,,,,
,,,,"Ввести в поле ""пароль"" данные только в верхнем регистре.
поля:
email: ﻿Email1﻿ 
пароль: ﻿Password﻿",,,,,,,
,,,,"Ввести в поле ""пароль"" данные только в нижнем регистре.
поля:
email: ﻿Email1﻿ 
пароль: ﻿Password﻿",,,,,,,
,,,,"Ввести в поле ""пароль"" данные в случайном регистре.
поля:
email: ﻿Email1﻿ 
пароль: ﻿Password﻿",,,,,,,
369,,Тест-план,"Test-case 4: Переход на страницу ознакомления с услугой ""Установка кухонь""  с главной страницы сайта",https://leroymerlin.ru/,,,,https://team-lgk3.testit.software:443//projects/1/tests/369,Марьям Халимова,Win+Firefox,Средний
,,,,Открыта главная страница сайта,,,,,,,
,,,,"Нажать кнопку ""Услуги""","Система переходит на страницу ""Услуги по проектированию, ремонту и обустройству дома"",
отображены гарантии качества, низких цен и список категорий услуг:
""Проектирование онлайн или с дизайнером"", ""Товары на заказ и услуги под ключ"",
""Установка товаров Леруа Мерлен и ремонтные работы"", ""Услуги в магазинах Леруа Мерлен""",,,,,,
,,,,"Нажать кнопку ""Узнать больше"" на баннере
""Установка товаров Леруа Мерлен и ремонтные работы""","Система переходит на страницу ""Установка товаров Леруа Мерлен и ремонтные работы"",
отображены гарантии качества, низких цен и список видов установок:
""Установка дверей"", ""Установка гардеробных систем"", ""Установка кухонь""",,,,,,
,,,,"Нажать на карточку услуги ""Установка кухонь""","Система загружает всплывающее окно с информацией:
""Установка кухонь
Установим модульную кухню по фиксированной цене.
Гарантия на установку — 1 год.
Для заказа услуги звоните по телефону: 8 800 700-00-99 Круглосуточно без выходных.
Звонок бесплатный.""",,,,,,
367,,Тест-план,"Test-case 2: Проверить присутствие категории ""Эмали для мебели""	",Сайт: https://leroymerlin.ru/,,,,https://team-lgk3.testit.software:443//projects/1/tests/367,Марьям Халимова,Windows+Opera,Средний
,,,,Открыта главная страница сайта,,,,,,,
,,,,"Нажать кнопку ""Каталог""","Система загружает всплывающее окно ""Каталог"",
отображён список категорий товаров: ""Сантехника"", ""Сад"", ""Электротовары"" и прочее",,,,,,
,,,,"Выбрать категорию ""Краски""","Открыто окно ""Краски"",
отображён список категорий красок: ""Краски для внутренних работ"", ""Эмали"", ""Краски для наружных работ"" и прочие",,,,,,
,,,,"Выбрать категорию ""Эмали""","Открыто окно ""Эмали""
отображён список категорий эмалей: ""Эмали для наружных и внутренних работ"", ""Эмали для пола и лестниц"",
""Эмали для окон и дверей"" и прочие",,,,,,
,,,,"Выбрать категорию ""Эмали для мебели""","Открыта страница со списком товаров ""Эмали для мебели"",
отображены основные характеристики товаров: ""Наличие в магазинах"", ""Цена"", ""Объём"", ""Марка"" и прочие",,,,,,
368,,Тест-план,"Test-case 3: Добавить товар ""Бочка для воды 227 л."" в корзину со страницы каталога",Сайт:  https://leroymerlin.ru/,,,,https://team-lgk3.testit.software:443//projects/1/tests/368,Марьям Халимова,Windows+Opera,Высокий
,,,,"Открыта страница каталога ""Лейки, вёдра и баки""",,,,,,,
,,,,Нажать на товар ﻿%Бочка для воды 227 л﻿,"Система переходит на страницу товара,
отображается картинка товара, кнопка ""Добавить в корзину"",
характеристики, отзывы",,,,,,
,,,,"Нажать кнопку ""Добавить в корзину""","Система добавляет товар в корзину,
предлагает выбрать количество кнопками ""+"" и ""-"",
На значке ""Корзина"" в верхнем углу появилась цифра ""1""",,,,,,
370,,Тест-план,"Test-case 5: Найти товар ""Перфоратор"" через строку поиска",Сайт: https://leroymerlin.ru/,,,,https://team-lgk3.testit.software:443//projects/1/tests/370,Марьям Халимова,Windows+Opera,Средний
,,,,Открыта главная страница сайта,,,,,,,
,,,,Нажать на строку поиска,"Система загружает всплывающее окно ""Поиск"",
отображён список предлагаемых кликабельных вариантов поиска: ""Обои"", ""Горшки и кашпо"", ""Качели"" и прочие",,,,,,
,,,,Ввести в поле поиска название ﻿Перфоратор﻿,"Система предлагает варианты поиска: ""Экран для радиаторов"", ""Перфораторы"", ""Уголки перфорированные"" и прочие",,,,,,
,,,,Нажать значок поиска или кнопку Enter,"Открыта страница со списком товаров ""Перфораторы"",
отображены основные характеристики товаров: ""Наличие в магазинах"", ""Цена"", ""Марка"" и прочие",,,,,,
,,,,Ознакомиться с результатом,,,,,,,
366,,Тест-план,Test-case 1: Регистрация пользователя с валидными данными	,Сайт:   https://leroymerlin.ru/,,,,https://team-lgk3.testit.software:443//projects/1/tests/366,Марьям Халимова,Windows+Opera,Высокий
,,,,Открыта страница с формой регистрации,,,,,,,
,,,,"Тестовые данные:
email: ﻿%Email1﻿ 
Имя: Мария
Фамилия: Иванова
Пароль: ﻿%Pass12345﻿",,,,,,,
,,,,"Заполнить поле ""Email"" из тестовых данных",,,,,,,
,,,,"Заполнить поле ""Имя"" из тестовых данных",,,,,,,
,,,,"Заполнить поле ""Фамилия"" из тестовых данных",,,,,,,
,,,,"Заполнить поле ""Пароль"" из тестовых данных",,,,,,,
,,,,"Заполнить поле ""Повторить пароль"" из тестовых данных",,,,,,,
,,,,"Нажать кнопку ""Зарегистрироваться""","Система отображает сообщение: ""Учетная запись создана"".
Открылась главная страница сайта.",,,,,,
371,,Тест-план,Чек-лист: Авторизоваться на сайте leroymerlin.ru,"Заполнить поля авторизации валидными данными и выполнить вход.
поля:
email: ﻿Email1﻿ 
пароль: ﻿Password﻿",,,,https://team-lgk3.testit.software:443//projects/1/tests/371,Марьям Халимова,Windows+Opera,Средний
,,,,Не заполнять поля авторизации и выполнить вход,,,,,,,
,,,,"Заполнить поля авторизации не валидными данными и выполнить вход.
поля:
email: ﻿%mak38@krunsea.com﻿ 
пароль: ﻿%5566777﻿ ﻿",,,,,,,
,,,,"Ввести валидные данные только в поле ""email"".
поля:
email: ﻿%Email1﻿ 
пароль: ﻿%5566777﻿",,,,,,,
,,,,"Ввести в поле ""email"" данные только в верхнем регистре.
поля:
email: ﻿Email1﻿ 
пароль: ﻿Password﻿",,,,,,,
,,,,"Ввести в поле ""email"" данные только в нижнем регистре.
поля:
email: ﻿Email1﻿ 
пароль: ﻿Password﻿",,,,,,,
,,,,"Ввести в поле ""email"" данные в верхнем и нижнем регистре.
поля:
email: ﻿Email1﻿ 
пароль: ﻿Password﻿",,,,,,,
,,,,"Ввести валидные данные только в поле ""пароль"".
поля:
email: ﻿%mak38@krunsea.com﻿ 
пароль: ﻿%Password﻿",,,,,,,
,,,,"Ввести в поле ""пароль"" данные в обратном регистре.
поля:
email: ﻿Email1﻿ 
пароль: ﻿Password﻿",,,,,,,
,,,,"Ввести в поле ""пароль"" данные только в верхнем регистре.
поля:
email: ﻿Email1﻿ 
пароль: ﻿Password﻿",,,,,,,
,,,,"Ввести в поле ""пароль"" данные только в нижнем регистре.
поля:
email: ﻿Email1﻿ 
пароль: ﻿Password﻿",,,,,,,
,,,,"Ввести в поле ""пароль"" данные в случайном регистре.
поля:
email: ﻿Email1﻿ 
пароль: ﻿Password﻿",,,,,,,
369,,Тест-план,"Test-case 4: Переход на страницу ознакомления с услугой ""Установка кухонь""  с главной страницы сайта",https://leroymerlin.ru/,,,,https://team-lgk3.testit.software:443//projects/1/tests/369,Марьям Халимова,Windows+Opera,Средний
,,,,Открыта главная страница сайта,,,,,,,
,,,,"Нажать кнопку ""Услуги""","Система переходит на страницу ""Услуги по проектированию, ремонту и обустройству дома"",
отображены гарантии качества, низких цен и список категорий услуг:
""Проектирование онлайн или с дизайнером"", ""Товары на заказ и услуги под ключ"",
""Установка товаров Леруа Мерлен и ремонтные работы"", ""Услуги в магазинах Леруа Мерлен""",,,,,,
,,,,"Нажать кнопку ""Узнать больше"" на баннере
""Установка товаров Леруа Мерлен и ремонтные работы""","Система переходит на страницу ""Установка товаров Леруа Мерлен и ремонтные работы"",
отображены гарантии качества, низких цен и список видов установок:
""Установка дверей"", ""Установка гардеробных систем"", ""Установка кухонь""",,,,,,
,,,,"Нажать на карточку услуги ""Установка кухонь""","Система загружает всплывающее окно с информацией:
""Установка кухонь
Установим модульную кухню по фиксированной цене.
Гарантия на установку — 1 год.
Для заказа услуги звоните по телефону: 8 800 700-00-99 Круглосуточно без выходных.
Звонок бесплатный.""",,,,,,
367,,Тест план,"Test-case 2: Проверить присутствие категории ""Эмали для мебели""	",Сайт: https://leroymerlin.ru/,,,,https://team-lgk3.testit.software:443//projects/1/tests/367,Марьям Халимова,Any,Средний
,,,,Открыта главная страница сайта,,,,,,,
,,,,"Нажать кнопку ""Каталог""","Система загружает всплывающее окно ""Каталог"",
отображён список категорий товаров: ""Сантехника"", ""Сад"", ""Электротовары"" и прочее",,,,,,
,,,,"Выбрать категорию ""Краски""","Открыто окно ""Краски"",
отображён список категорий красок: ""Краски для внутренних работ"", ""Эмали"", ""Краски для наружных работ"" и прочие",,,,,,
,,,,"Выбрать категорию ""Эмали""","Открыто окно ""Эмали""
отображён список категорий эмалей: ""Эмали для наружных и внутренних работ"", ""Эмали для пола и лестниц"",
""Эмали для окон и дверей"" и прочие",,,,,,
,,,,"Выбрать категорию ""Эмали для мебели""","Открыта страница со списком товаров ""Эмали для мебели"",
отображены основные характеристики товаров: ""Наличие в магазинах"", ""Цена"", ""Объём"", ""Марка"" и прочие",,,,,,
368,,Тест план,"Test-case 3: Добавить товар ""Бочка для воды 227 л."" в корзину со страницы каталога",Сайт:  https://leroymerlin.ru/,,,,https://team-lgk3.testit.software:443//projects/1/tests/368,Марьям Халимова,Any,Высокий
,,,,"Открыта страница каталога ""Лейки, вёдра и баки""",,,,,,,
,,,,Нажать на товар ﻿%Бочка для воды 227 л﻿,"Система переходит на страницу товара,
отображается картинка товара, кнопка ""Добавить в корзину"",
характеристики, отзывы",,,,,,
,,,,"Нажать кнопку ""Добавить в корзину""","Система добавляет товар в корзину,
предлагает выбрать количество кнопками ""+"" и ""-"",
На значке ""Корзина"" в верхнем углу появилась цифра ""1""",,,,,,
368,,Тест-план,"Test-case 3: Добавить товар ""Бочка для воды 227 л."" в корзину со страницы каталога",Сайт:  https://leroymerlin.ru/,,,,https://team-lgk3.testit.software:443//projects/1/tests/368,Марьям Халимова,Any,Высокий
,,,,"Открыта страница каталога ""Лейки, вёдра и баки""",,,,,,,
,,,,Нажать на товар ﻿%Бочка для воды 227 л﻿,"Система переходит на страницу товара,
отображается картинка товара, кнопка ""Добавить в корзину"",
характеристики, отзывы",,,,,,
,,,,"Нажать кнопку ""Добавить в корзину""","Система добавляет товар в корзину,
предлагает выбрать количество кнопками ""+"" и ""-"",
На значке ""Корзина"" в верхнем углу появилась цифра ""1""",,,,,,
370,,Тест план,"Test-case 5: Найти товар ""Перфоратор"" через строку поиска",Сайт: https://leroymerlin.ru/,,,,https://team-lgk3.testit.software:443//projects/1/tests/370,Марьям Халимова,Any,Средний
,,,,Открыта главная страница сайта,,,,,,,
,,,,Нажать на строку поиска,"Система загружает всплывающее окно ""Поиск"",
отображён список предлагаемых кликабельных вариантов поиска: ""Обои"", ""Горшки и кашпо"", ""Качели"" и прочие",,,,,,
,,,,Ввести в поле поиска название ﻿Перфоратор﻿,"Система предлагает варианты поиска: ""Экран для радиаторов"", ""Перфораторы"", ""Уголки перфорированные"" и прочие",,,,,,
,,,,Нажать значок поиска или кнопку Enter,"Открыта страница со списком товаров ""Перфораторы"",
отображены основные характеристики товаров: ""Наличие в магазинах"", ""Цена"", ""Марка"" и прочие",,,,,,
,,,,Ознакомиться с результатом,,,,,,,
370,,Тест-план,"Test-case 5: Найти товар ""Перфоратор"" через строку поиска",Сайт: https://leroymerlin.ru/,,,,https://team-lgk3.testit.software:443//projects/1/tests/370,Марьям Халимова,Any,Средний
,,,,Открыта главная страница сайта,,,,,,,
,,,,Нажать на строку поиска,"Система загружает всплывающее окно ""Поиск"",
отображён список предлагаемых кликабельных вариантов поиска: ""Обои"", ""Горшки и кашпо"", ""Качели"" и прочие",,,,,,
,,,,Ввести в поле поиска название ﻿Перфоратор﻿,"Система предлагает варианты поиска: ""Экран для радиаторов"", ""Перфораторы"", ""Уголки перфорированные"" и прочие",,,,,,
,,,,Нажать значок поиска или кнопку Enter,"Открыта страница со списком товаров ""Перфораторы"",
отображены основные характеристики товаров: ""Наличие в магазинах"", ""Цена"", ""Марка"" и прочие",,,,,,
,,,,Ознакомиться с результатом,,,,,,,
366,,Тест-план,Test-case 1: Регистрация пользователя с валидными данными	,Сайт:   https://leroymerlin.ru/,,,,https://team-lgk3.testit.software:443//projects/1/tests/366,Марьям Халимова,Any,Высокий
,,,,Открыта страница с формой регистрации,,,,,,,
,,,,"Тестовые данные:
email: ﻿%Email1﻿ 
Имя: Мария
Фамилия: Иванова
Пароль: ﻿%Pass12345﻿",,,,,,,
,,,,"Заполнить поле ""Email"" из тестовых данных",,,,,,,
,,,,"Заполнить поле ""Имя"" из тестовых данных",,,,,,,
,,,,"Заполнить поле ""Фамилия"" из тестовых данных",,,,,,,
,,,,"Заполнить поле ""Пароль"" из тестовых данных",,,,,,,
,,,,"Заполнить поле ""Повторить пароль"" из тестовых данных",,,,,,,
,,,,"Нажать кнопку ""Зарегистрироваться""","Система отображает сообщение: ""Учетная запись создана"".
Открылась главная страница сайта.",,,,,,
366,,Тест план,Test-case 1: Регистрация пользователя с валидными данными	,Сайт:   https://leroymerlin.ru/,,,,https://team-lgk3.testit.software:443//projects/1/tests/366,Марьям Халимова,Any,Высокий
,,,,Открыта страница с формой регистрации,,,,,,,
,,,,"Тестовые данные:
email: ﻿%Email1﻿ 
Имя: Мария
Фамилия: Иванова
Пароль: ﻿%Pass12345﻿",,,,,,,
,,,,"Заполнить поле ""Email"" из тестовых данных",,,,,,,
,,,,"Заполнить поле ""Имя"" из тестовых данных",,,,,,,
,,,,"Заполнить поле ""Фамилия"" из тестовых данных",,,,,,,
,,,,"Заполнить поле ""Пароль"" из тестовых данных",,,,,,,
,,,,"Заполнить поле ""Повторить пароль"" из тестовых данных",,,,,,,
,,,,"Нажать кнопку ""Зарегистрироваться""","Система отображает сообщение: ""Учетная запись создана"".
Открылась главная страница сайта.",,,,,,
369,,Тест план,"Test-case 4: Переход на страницу ознакомления с услугой ""Установка кухонь""  с главной страницы сайта",https://leroymerlin.ru/,,,,https://team-lgk3.testit.software:443//projects/1/tests/369,Марьям Халимова,Any,Средний
,,,,Открыта главная страница сайта,,,,,,,
,,,,"Нажать кнопку ""Услуги""","Система переходит на страницу ""Услуги по проектированию, ремонту и обустройству дома"",
отображены гарантии качества, низких цен и список категорий услуг:
""Проектирование онлайн или с дизайнером"", ""Товары на заказ и услуги под ключ"",
""Установка товаров Леруа Мерлен и ремонтные работы"", ""Услуги в магазинах Леруа Мерлен""",,,,,,
,,,,"Нажать кнопку ""Узнать больше"" на баннере
""Установка товаров Леруа Мерлен и ремонтные работы""","Система переходит на страницу ""Установка товаров Леруа Мерлен и ремонтные работы"",
отображены гарантии качества, низких цен и список видов установок:
""Установка дверей"", ""Установка гардеробных систем"", ""Установка кухонь""",,,,,,
,,,,"Нажать на карточку услуги ""Установка кухонь""","Система загружает всплывающее окно с информацией:
""Установка кухонь
Установим модульную кухню по фиксированной цене.
Гарантия на установку — 1 год.
Для заказа услуги звоните по телефону: 8 800 700-00-99 Круглосуточно без выходных.
Звонок бесплатный.""",,,,,,